ID,views
0,10133.707
1,5582.9556
2,6377.797
3,33998.67
4,3426.425
5,34924.363
6,20930.148
7,51573.67
8,5228.491
9,1648.6815
10,8069.4297
11,54645.97
12,82825.56
13,24117.396
14,13239.303
15,144815.86
16,11511.458
17,5376.7573
18,20633.389
19,104290.36
20,110.144394
21,12409.552
22,68819.39
23,1987.0348
24,41954.766
25,8363.49
26,28094.318
27,68124.86
28,31931.617
29,15414.405
30,9749.477
31,4571.998
32,4635.8364
33,18273.537
34,100422.17
35,8028.9795
36,15412.864
37,2368.0066
38,3904.286
39,12114.277
40,18578.232
41,2283.157
42,8385.849
43,1670.62
44,27455.154
45,4085.3372
46,2810.7188
47,9918.343
48,4345.7275
49,3787.5857
50,2578.2986
51,3293.0337
52,3070.9255
53,23120.844
54,9831.557
55,22097.938
56,6799.3247
57,2009.601
58,79591.516
59,87752.94
60,12553.923
61,14688.143
62,28312.44
63,3238.3296
64,133617.94
65,943.3065
66,11251.889
67,112226.84
68,13397.9795
69,11907.7705
70,91475.12
71,2536.3276
72,9212.688
73,24614.28
74,4266.243
75,34727.844
76,37506.055
77,11153.408
78,6269.9272
79,60502.43
80,2834.0586
81,6907.412
82,7488.9424
83,14912.117
84,29783.268
85,36555.69
86,4761.655
87,3297.3835
88,9773.546
89,3144.399
90,15973.895
91,12125.528
92,73081.234
93,17063.936
94,98670.91
95,33837.598
96,71854.11
97,5647.4707
98,21696.744
99,9453.365
100,2339.506
101,13306.045
102,31665.865
103,6988.032
104,20339.336
105,8844.149
106,3986.2898
107,82319.016
108,96149.36
109,1905.9039
110,30901.99
111,106946.58
112,13616.791
113,2469.6907
114,140307.05
115,21125.63
116,67281.66
117,5080.591
118,49931.5
119,9748.081
120,16007.24
121,3336.838
122,4073.8235
123,121800.63
124,14163.683
125,7775.4307
126,34913.203
127,27461.482
128,3705.4246
129,4235.461
130,506.17032
131,189387.89
132,18639.758
133,23191.627
134,4244.0034
135,27740.78
136,14449.219
137,64354.605
138,4335.6665
139,398.2878
140,2433.614
141,4100.8174
142,15641.435
143,33702.664
144,14843.592
145,66451.89
146,20369.635
147,24370.06
148,48906.086
149,2699.1628
150,9506.16
151,3267.429
152,17124.809
153,2772.4016
154,4058.078
155,18645.006
156,4958.361
157,26531.146
158,2327.551
159,6772.7944
160,52147.99
161,23232.016
162,5341.798
163,5069.664
164,3931.709
165,49543.49
166,13982.758
167,6393.9653
168,56305.234
169,20973.271
170,4572.094
171,15300.726
172,13360.992
173,5576.339
174,7109.661
175,5723.121
176,9027.47
177,34289.664
178,721.30115
179,8142.138
180,42542.33
181,221.21417
182,27158.916
183,2164.1235
184,12411.734
185,3132.8835
186,2650.0999
187,3405.2893
188,39871.57
189,6187.991
190,27217.295
191,23906.217
192,34070.67
193,11127.971
194,2489.945
195,69336.555
196,169785.03
197,99108.66
198,1312.6332
199,16760.764
200,7528.222
201,24995.096
202,6517.618
203,64073.516
204,7655.994
205,3042.0686
206,24179.877
207,4143.0957
208,68643.52
209,41904.28
210,3058.2812
211,12904.229
212,56733.7
213,126474.3
214,3907.304
215,162729.14
216,33605.523
217,72633.28
218,6987.6963
219,42342.984
220,7550.4277
221,121486.9
222,48833.367
223,5180.3545
224,1796.9486
225,286.18875
226,10642.104
227,3908.0295
228,8823.219
229,16835.025
230,57972.746
231,7344.5996
232,4972.138
233,13494.784
234,32763.678
235,32908.492
236,4279.6
237,9064.115
238,3155.129
239,8335.346
240,4072.636
241,12562.003
242,6441.965
243,14855.2295
244,5063.4873
245,45521.008
246,3283.8745
247,52398.453
248,44449.57
249,6363.9385
250,28750.268
251,22952.72
252,2015.0245
253,1514.1918
254,7721.6074
255,22985.12
256,159589.36
257,22881.785
258,14327.334
259,2006.3866
260,90965.555
261,83806.05
262,16812.764
263,24313.736
264,177132.33
265,16989.322
266,26036.256
267,5291.1445
268,25758.967
269,3195.2898
270,18962.76
271,1516.1648
272,105646.39
273,2947.2786
274,8905.749
275,1455.1716
276,15727.275
277,240.13768
278,27830.941
279,101684.016
280,13175.599
281,30193.033
282,16909.744
283,2153.1426
284,2021.9658
285,13631.249
286,37995.23
287,65817.53
288,11726.244
289,25883.443
290,71558.25
291,8327.406
292,13803.359
293,2812.861
294,378.54922
295,20737.057
296,2472.8748
297,20427.29
298,21275.295
299,26965.213
300,8292.654
301,14443.59
302,53817.74
303,3895.2615
304,24784.797
305,5011.5947
306,38735.492
307,12412.748
308,12768.681
309,20529.342
310,17478.975
311,23856.787
312,177872.88
313,24497.305
314,11155.418
315,10458.056
316,24971.617
317,95841.875
318,28502.336
319,16604.012
320,72557.234
321,4298.0244
322,4528.506
323,308.98633
324,52928.64
325,23274.637
326,20446.695
327,22807.262
328,28005.045
329,4217.785
330,6613.6094
331,29052.748
332,19931.809
333,7243.968
334,2922.404
335,4063.9685
336,2451.0046
337,2828.1848
338,1456.4418
339,8879.953
340,7218.5903
341,4219.427
342,92123.836
343,98488.31
344,5881.162
345,22281.36
346,27229.795
347,19614.88
348,9925.653
349,3680.2944
350,3313.0552
351,4259.712
352,17958.58
353,2390.3728
354,9892.762
355,44657.062
356,84712.71
357,13157.816
358,2125.6584
359,1950.6329
360,88848.97
361,3424.2278
362,7858.4297
363,17413.389
364,2301.4043
365,3474.5667
366,4305.2705
367,70072.29
368,641.5012
369,92332.33
370,84338.72
371,11769.65
372,11212.922
373,177068.98
374,24888.1
375,2438.264
376,25310.312
377,4344.869
378,3385.2942
379,11905.785
380,13701.52
381,18486.092
382,11480.817
383,1886.8007
384,9993.45
385,3294.7488
386,78573.69
387,92061.85
388,84861.09
389,49099.938
390,1848.8033
391,9752.342
392,8504.96
393,37057.984
394,103949.89
395,2943.8137
396,31109.975
397,6141.0728
398,13531.033
399,53433.79
400,8881.757
401,58446.273
402,347.47003
403,9352.246
404,2076.44
405,18805.193
406,6556.0835
407,8450.301
408,14260.693
409,177134.34
410,2615.4734
411,17629.049
412,9369.801
413,75582.25
414,2804.4119
415,3010.702
416,6715.174
417,1390.9237
418,25268.846
419,12647.134
420,7582.379
421,28762.592
422,5804.247
423,7049.6104
424,14630.226
425,6252.559
426,11371.991
427,22633.166
428,7646.7314
429,20951.416
430,120117.73
431,11232.359
432,30340.709
433,9540.708
434,167985.89
435,3328.0095
436,7130.8765
437,9424.258
438,110209.27
439,82685.35
440,5250.1523
441,3169.6633
442,5462.3115
443,32543.213
444,180638.05
445,12979.389
446,29037.678
447,153699.3
448,7963.845
449,42368.17
450,11311.948
451,6242.064
452,20353.117
453,2004.0322
454,62263.55
455,25249.205
456,6983.702
457,5421.2266
458,4741.963
459,38487.367
460,17466.445
461,36073.57
462,9457.043
463,311.12506
464,3419.7688
465,10048.616
466,3790.341
467,99770.81
468,8725.722
469,76581.91
470,3743.452
471,24733.223
472,9966.937
473,6800.4014
474,4251.8413
475,48302.11
476,17898.873
477,82969.98
478,12347.227
479,7735.511
480,18281.285
481,18371.604
482,23139.656
483,6690.7344
484,13057.475
485,18664.4
486,2108.049
487,5046.476
488,9082.708
489,7688.6104
490,4519.62
491,4756.051
492,23972.27
493,22899.635
494,10912.524
495,1435.0292
496,12668.264
497,5209.669
498,17622.506
499,2116.7703
500,60844.695
501,13351.067
502,18323.148
503,32595.822
504,8290.507
505,10931.237
506,66135.06
507,8601.793
508,2845.9485
509,106099.17
510,5646.2905
511,44835.633
512,11538.844
513,8396.911
514,2684.2583
515,5303.9004
516,13571.609
517,50242.586
518,85762.7
519,39313.67
520,15551.594
521,49476.68
522,139517.55
523,78055.375
524,7309.9727
525,8854.798
526,7525.6426
527,3060.7188
528,4636.5435
529,77818.4
530,2310.5999
531,13924.071
532,32116.506
533,39209.21
534,33213.293
535,2373.1995
536,78515.484
537,13152.64
538,13847.629
539,5591.3345
540,10061.121
541,4675.452
542,22671.338
543,2267.8826
544,69516.28
545,31169.191
546,43716.31
547,17576.977
548,91736.7
549,12156.271
550,15218.979
551,5660.2607
552,8597.259
553,5672.169
554,19312.998
555,140273.33
556,345.77594
557,3562.973
558,5349.454
559,4953.8706
560,31703.074
561,5329.89
562,2343.6758
563,180666.36
564,22719.357
565,1343.2043
566,31587.947
567,11012.529
568,5726.537
569,22228.658
570,63990.363
571,17122.197
572,16771.436
573,32176.176
574,11374.846
575,24355.459
576,52306.29
577,42397.14
578,7888.353
579,47293.508
580,2446.4373
581,24177.162
582,6084.9146
583,4181.3257
584,13793.245
585,3442.5925
586,3205.6492
587,3076.334
588,1359.2925
589,165973.17
590,2480.9934
591,634.29987
592,37975.555
593,7017.879
594,106798.61
595,18854.87
596,517.0126
597,2802.4463
598,4275.001
599,1988.0474
600,16566.88
601,19916.268
602,6423.337
603,792.10046
604,48594.047
605,30373.412
606,15875.516
607,1812.7981
608,109572.03
609,116611.18
610,12201.335
611,24409.275
612,7348.0044
613,120670.83
614,1102.9099
615,41202.535
616,18658.17
617,15712.277
618,33408.71
619,9427.9795
620,51153.734
621,22104.059
622,113496.63
623,21963.678
624,7009.6426
625,1244.703
626,5353.65
627,82559.15
628,13974.855
629,10069.353
630,13437.111
631,489.17224
632,92106.984
633,8531.19
634,23359.791
635,47132.066
636,1520.6112
637,2552.8938
638,8392.624
639,14100.525
640,3495.7927
641,30400.84
642,10789.07
643,2393.904
644,13376.677
645,4687.876
646,18184.424
647,5047.213
648,9076.425
649,268.8192
650,21367.844
651,16875.455
652,1411.847
653,20519.854
654,23629.182
655,7682.4717
656,9801.304
657,5214.38
658,4722.705
659,2010.6049
660,2297.576
661,78637.95
662,4004.6055
663,76061.14
664,7910.782
665,17525.107
666,6016.4736
667,10756.583
668,9850.346
669,1724.2538
670,53289.062
671,94796.87
672,16162.744
673,14655.242
674,2557.5676
675,168779.73
676,24840.559
677,11278.121
678,89236.03
679,4472.3477
680,59204.44
681,18294.533
682,13574.066
683,6305.5864
684,2659.9346
685,16688.861
686,5058.87
687,3072.5583
688,14954.047
689,3421.093
690,14367.332
691,10114.551
692,3532.8123
693,2933.1008
694,107154.81
695,93308.76
696,31461.764
697,4764.3584
698,1477.1327
699,15788.603
700,9379.839
701,16903.4
702,6025.9937
703,67718.39
704,2596.0994
705,3316.5173
706,4598.239
707,12674.439
708,76678.695
709,26885.025
710,40551.832
711,10756.606
712,17608.588
713,2099.4827
714,99767.58
715,1974.0886
716,8395.645
717,7594.463
718,13548.445
719,21367.283
720,10578.886
721,3555.7957
722,97278.47
723,2105.539
724,81883.72
725,1053.693
726,19713.047
727,17202.03
728,7258.039
729,2668.863
730,47844.61
731,7048.421
732,16597.021
733,50946.78
734,4620.1577
735,1378.383
736,3201.249
737,3599.012
738,98013.74
739,11068.023
740,160.72452
741,99930.086
742,13266.794
743,6164.3994
744,18973.111
745,467.10773
746,51488.76
747,3726.0989
748,43259.406
749,59428.504
750,59223.6
751,23313.998
752,26023.082
753,5730.252
754,9950.588
755,14462.062
756,33037.348
757,19821.037
758,3265.2285
759,5424.068
760,8166.341
761,5117.4307
762,5844.7925
763,3326.3955
764,22892.893
765,5241.7754
766,20905.709
767,12850.73
768,65174.508
769,18861.764
770,6867.996
771,31826.1
772,16987.727
773,19586.275
774,3392.674
775,7282.9775
776,1799.1246
777,16205.381
778,7435.467
779,84849.53
780,37217.89
781,8130.7812
782,5911.742
783,2485.2576
784,1285.5404
785,80195.62
786,86742.91
787,34706.11
788,11486.746
789,17328.064
790,22649.04
791,1995.8651
792,20092.482
793,103916.125
794,18451.783
795,41591.76
796,14698.312
797,1659.3102
798,4902.3193
799,38626.145
800,23650.105
801,33773.47
802,10991.365
803,21230.52
804,3553.075
805,27445.139
806,22062.83
807,2865.4626
808,17381.58
809,3895.5737
810,2005.3334
811,16443.467
812,89099.01
813,12598.385
814,14196.521
815,2342.8918
816,2880.8193
817,8255.268
818,5785.7715
819,4096.7124
820,2319.9128
821,55565.113
822,26402.982
823,52152.812
824,159538.72
825,143309.06
826,5621.033
827,1731.7714
828,72266.47
829,9411.228
830,12280.368
831,9569.2295
832,8077.916
833,6780.628
834,465.0985
835,2118.4858
836,4814.829
837,10157.07
838,13166.24
839,75048.01
840,3459.5256
841,2127.4082
842,76196.77
843,10590.693
844,3774.9817
845,3074.0112
846,13333.537
847,12549.404
848,3796.093
849,111843.08
850,7603.247
851,2250.5928
852,71162.97
853,5348.3716
854,204.28741
855,9300.159
856,40203.086
857,5795.861
858,5362.164
859,7387.9985
860,27119.979
861,6808.1543
862,4946.5547
863,2519.422
864,6117.7847
865,53033.336
866,2590.348
867,26086.121
868,8166.4453
869,15210.295
870,3946.9253
871,2909.4888
872,10290.484
873,6278.11
874,10367.428
875,2815.5374
876,2131.5566
877,11105.425
878,7716.812
879,7891.615
880,7212.8086
881,44595.297
882,326.3259
883,12518.695
884,88050.11
885,13585.539
886,26891.346
887,4054.3293
888,3023.8716
889,14695.926
890,80500.39
891,1030.568
892,9272.624
893,2524.4768
894,25756.303
895,37791.086
896,5153.3496
897,14244.023
898,27596.299
899,7912.8037
900,57789.387
901,21854.182
902,35434.914
903,10797.777
904,2990.4504
905,7264.283
906,23219.453
907,11233.215
908,4389.0005
909,19164.018
910,2379.8262
911,3492.859
912,9619.07
913,27373.576
914,19145.068
915,6257.461
916,47879.445
917,4307.052
918,17036.77
919,83439.51
920,103224.81
921,27694.186
922,4829.1465
923,2753.1516
924,7559.2637
925,10023.606
926,20212.635
927,11147.159
928,6552.614
929,4561.1543
930,25511.3
931,2415.3723
932,150203.95
933,9177.0205
934,37969.438
935,4639.7954
936,5260.767
937,6484.6606
938,22269.754
939,4354.9097
940,145.40239
941,32560.502
942,3991.7463
943,592.4967
944,7316.0728
945,28852.627
946,1593.5875
947,4262.364
948,13977.942
949,4273.183
950,35238.184
951,4644.106
952,11532.572
953,11291.541
954,50790.703
955,3547.0198
956,18351.834
957,18431.248
958,3814.84
959,2435.242
960,2399.5327
961,29525.17
962,80196.33
963,2364.1194
964,25453.898
965,12896.43
966,5673.792
967,23167.37
968,10416.002
969,69296.664
970,9756.942
971,3613.2615
972,3142.614
973,75551.02
974,4079.347
975,19529.873
976,1085.6122
977,5064.791
978,514.1286
979,63727.258
980,29445.01
981,5696.718
982,4429.277
983,40981.85
984,7553.66
985,13006.152
986,122898.91
987,15058.098
988,1999.1063
989,15399.072
990,4615.4795
991,3021.882
992,78068.1
993,7620.158
994,125364.73
995,3049.781
996,11246.343
997,26140.701
998,103122.12
999,62880.71
1000,23995.791
1001,18953.49
1002,2188.1648
1003,35863.32
1004,25247.055
1005,25196.229
1006,24412.768
1007,7322.6885
1008,11707.283
1009,5323.461
1010,8342.75
1011,10653.775
1012,49171.656
1013,9287.566
1014,2679.6814
1015,7173.075
1016,11059.857
1017,15918.908
1018,65190.004
1019,14865.508
1020,86739.69
1021,171.75867
1022,10885.369
1023,15799.009
1024,3477.299
1025,54129.094
1026,23862.846
1027,16438.795
1028,23222.492
1029,9942.254
1030,1234.4003
1031,5481.068
1032,5883.365
1033,34975.742
1034,3301.6223
1035,91283.31
1036,97932.45
1037,32511.85
1038,4670.0293
1039,5842.921
1040,3840.2898
1041,4614.7734
1042,880.8995
1043,18647.406
1044,6571.537
1045,11188.384
1046,43076.24
1047,14919.062
1048,19054.951
1049,7326.9263
1050,27223.111
1051,5023.37
1052,2671.302
1053,6552.481
1054,6460.3677
1055,34492.996
1056,4618.7974
1057,23437.404
1058,16834.535
1059,91836.34
1060,18141.809
1061,12069.281
1062,68481.42
1063,35441.18
1064,7228.8867
1065,28214.594
1066,5956.5386
1067,4604.1084
1068,440.79507
1069,12559.814
1070,2121.0427
1071,9738.25
1072,4126.888
1073,80351.516
1074,6005.0527
1075,107863.71
1076,52632.516
1077,7328.5137
1078,12265.773
1079,22607.414
1080,30263.998
1081,16875.371
1082,1500.1766
1083,3924.165
1084,155970.7
1085,2450.9148
1086,2686.4597
1087,2677.0793
1088,5755.3613
1089,2984.971
1090,2565.5828
1091,29042.629
1092,3092.8472
1093,168325.83
1094,26765.24
1095,101029.63
1096,26076.1
1097,13837.865
1098,2553.7097
1099,32028.521
1100,6961.2334
1101,6142.289
1102,24583.07
1103,24503.268
1104,9795.814
1105,25193.256
1106,24842.623
1107,89655.72
1108,10697.349
1109,64728.637
1110,33889.055
1111,16804.959
1112,2456.3955
1113,3241.9768
1114,18427.412
1115,18960.47
1116,6673.2837
1117,9828.745
1118,17887.006
1119,8025.1484
1120,2345.5857
1121,4970.464
1122,89102.84
1123,21279.498
1124,12597.452
1125,11379.443
1126,2056.684
1127,3970.2864
1128,12205.525
1129,2406.1716
1130,4082.5251
1131,117068.61
1132,6116.129
1133,17317.78
1134,29702.541
1135,24084.232
1136,22269.568
1137,56257.195
1138,25826.158
1139,4723.3735
1140,2617.6328
1141,32749.678
1142,6419.8574
1143,24660.549
1144,149650.52
1145,7922.9785
1146,6009.5435
1147,12917.339
1148,86333.055
1149,6047.106
1150,16515.996
1151,27421.174
1152,45743.33
1153,4117.494
1154,76943.84
1155,78066.14
1156,5325.4897
1157,51421.695
1158,33559.547
1159,23797.863
1160,35924.28
1161,93382.91
1162,13778.389
1163,172276.22
1164,25515.58
1165,2639.5857
1166,2489.1135
1167,7287.9365
1168,10179.111
1169,39113.13
1170,11760.918
1171,3824.0051
1172,1854.5082
1173,3389.7278
1174,7537.946
1175,4087.6301
1176,150780.2
1177,1345.9802
1178,4126.2915
1179,84849.19
1180,2452.1606
1181,7245.714
1182,115253.7
1183,61022.684
1184,1951.37
1185,3045.7556
1186,7622.6763
1187,4218.7295
1188,21810.498
1189,4156.1533
1190,15858.472
1191,5618.9155
1192,185940.25
1193,96291.54
1194,86395.414
1195,10655.264
1196,28126.912
1197,37399.508
1198,58298.734
1199,15931.319
1200,3557.402
1201,26769.299
1202,29427.533
1203,11587.422
1204,44538.312
1205,8493.498
1206,27903.084
1207,9303.27
1208,7824.507
1209,24487.795
1210,3826.5613
1211,4241.4155
1212,4181.4375
1213,21916.6
1214,16372.253
1215,2778.2966
1216,3134.3845
1217,10740.262
1218,8906.105
1219,24288.92
1220,16812.932
1221,4457.9683
1222,17505.084
1223,20425.719
1224,39914.83
1225,10383.258
1226,27483.422
1227,22405.807
1228,45514.727
1229,59323.414
1230,18559.805
1231,2402.8196
1232,11818.15
1233,82503.234
1234,6014.3643
1235,2630.7488
1236,5097.661
1237,3009.5667
1238,2662.7576
1239,3059.8816
1240,14845.9
1241,13985.745
1242,64593.04
1243,27921.955
1244,26028.84
1245,1079.6365
1246,8662.383
1247,9144.338
1248,17532.156
1249,3028.4524
1250,1851.5648
1251,158038.45
1252,23003.123
1253,2475.8623
1254,100100.18
1255,3999.7122
1256,19384.748
1257,3714.6213
1258,4289.4365
1259,4369.4834
1260,54108.883
1261,5165.4395
1262,50017.08
1263,3579.7185
1264,281.1446
1265,3325.428
1266,23883.28
1267,16690.967
1268,7928.461
1269,16427.49
1270,17329.438
1271,110859.18
1272,11365.672
1273,12825.908
1274,1701.0636
1275,16787.693
1276,10469.742
1277,15375.875
1278,2319.708
1279,2655.0312
1280,80317.18
1281,4250.536
1282,4687.121
1283,2008.4706
1284,7590.035
1285,12306.074
1286,54531.645
1287,4582.03
1288,93537.58
1289,6064.801
1290,1632.3004
1291,17369.482
1292,24789.143
1293,516.3217
1294,2822.7603
1295,15639.962
1296,18109.514
1297,8770.545
1298,21823.482
1299,5295.2437
1300,76751.22
1301,4837.4653
1302,7819.2134
1303,3659.472
1304,3653.791
1305,3236.2292
1306,3169.8875
1307,27044.22
1308,1683.8605
1309,13801.839
1310,2076.7615
1311,1138.526
1312,333.63412
1313,3974.9958
1314,38133.594
1315,28934.387
1316,9312.573
1317,50710.56
1318,4138.158
1319,2568.7444
1320,8925.613
1321,14462.771
1322,24188.564
1323,84289.67
1324,31728.49
1325,1371.6874
1326,4081.8774
1327,13716.791
1328,12606.176
1329,58686.84
1330,101156.016
1331,4496.374
1332,3840.2546
1333,30038.6
1334,2046.9144
1335,6698.96
1336,3573.7744
1337,770.8292
1338,11162.395
1339,2619.4968
1340,1450.2789
1341,102725.03
1342,13063.811
1343,37799.508
1344,103047.36
1345,18940.36
1346,6378.8735
1347,22555.943
1348,3605.9602
1349,8774.965
1350,21452.291
1351,1108.2181
1352,3064.61
1353,6840.953
1354,32939.18
1355,61814.133
1356,5108.796
1357,5689.507
1358,12996.215
1359,4049.6013
1360,7610.6797
1361,11506.553
1362,37595.33
1363,19669.656
1364,21458.168
1365,28707.162
1366,82219.59
1367,4004.445
1368,15830.321
1369,3356.327
1370,7612.917
1371,3522.6677
1372,3109.318
1373,51589.023
1374,19960.672
1375,20043.123
1376,3200.7559
1377,116407.695
1378,2581.5203
1379,12357.974
1380,87905.09
1381,8866.702
1382,76508.97
1383,12100.208
1384,15793.836
1385,1928.2455
1386,2277.7458
1387,2629.116
1388,9211.807
1389,3588.7493
1390,11257.875
1391,101664.7
1392,37271.75
1393,160360.92
1394,10229.39
1395,5122.4316
1396,55851.125
1397,15167.951
1398,54454.742
1399,763.7322
1400,12194.475
1401,74636.7
1402,105234.59
1403,7636.9385
1404,1877.7725
1405,26827.416
1406,28432.768
1407,2320.68
1408,9123.722
1409,729.45233
1410,6026.9683
1411,7788.379
1412,23749.945
1413,18645.166
1414,5815.217
1415,12228.015
1416,6020.761
1417,6136.211
1418,16524.37
1419,26108.404
1420,13681.149
1421,22329.107
1422,7107.799
1423,13888.795
1424,4806.8857
1425,1991.6495
1426,2762.8025
1427,6682.9414
1428,12978.33
1429,5253.0093
1430,16238.266
1431,25833.424
1432,10226.392
1433,6606.331
1434,2651.3787
1435,21367.28
1436,1370.0582
1437,3670.242
1438,102458.47
1439,2310.0903
1440,12075.598
1441,22036.92
1442,4683.703
1443,89153.56
1444,106587.05
1445,4849.3877
1446,8265.713
1447,55433.875
1448,2715.8516
1449,69568.53
1450,54118.805
1451,87409.6
1452,19473.889
1453,17710.299
1454,9531.584
1455,6103.0635
1456,8681.746
1457,4900.06
1458,5027.56
1459,9046.719
1460,21376.479
1461,92233.83
1462,17504.385
1463,83333.4
1464,6299.747
1465,7002.29
1466,20562.396
1467,89512.16
1468,3190.3604
1469,4474.0073
1470,98733.7
1471,11041.918
1472,151373.45
1473,28571.04
1474,85056.5
1475,2977.5457
1476,19438.299
1477,86482.63
1478,3650.551
1479,23323.482
1480,13908.518
1481,65074.97
1482,40373.008
1483,13098.872
1484,19127.93
1485,2751.0527
1486,4327.203
1487,6308.3887
1488,3393.3755
1489,15020.708
1490,69363.625
1491,21928.006
1492,11245.098
1493,1816.2113
1494,77796.69
1495,20072.213
1496,32901.05
1497,17624.584
1498,18558.643
1499,30284.455
1500,3050.7136
1501,9624.996
1502,17769.248
1503,23041.629
1504,10582.645
1505,8067.4526
1506,1988.6971
1507,6002.085
1508,26531.838
1509,3043.0872
1510,10434.199
1511,13168.176
1512,95775.32
1513,3071.9558
1514,8478.96
1515,1879.1311
1516,23044.568
1517,27636.436
1518,1912.2365
1519,7958.7847
1520,13371.618
1521,73608.984
1522,6697.6294
1523,40529.82
1524,5928.435
1525,11961.191
1526,6088.3696
1527,32029.217
1528,26691.148
1529,133003.86
1530,8902.667
1531,57265.266
1532,525.6381
1533,2024.7292
1534,2934.2124
1535,4339.5977
1536,95248.984
1537,3988.3176
1538,47962.496
1539,11202.044
1540,12269.852
1541,29046.35
1542,4893.8135
1543,13414.578
1544,22299.76
1545,31080.912
1546,1694.16
1547,5807.8164
1548,36305.6
1549,86788.99
1550,34058.523
1551,33151.562
1552,5761.9316
1553,15824.078
1554,9918.443
1555,10764.515
1556,2947.0935
1557,155076.36
1558,11682.012
1559,94259.08
1560,2027.1492
1561,13178.346
1562,27784.938
1563,1210.8551
1564,3910.9158
1565,62635.863
1566,16142.555
1567,7197.936
1568,12841.744
1569,8099.5117
1570,4348.7666
1571,16552.223
1572,75724.44
1573,4754.352
1574,28927.89
1575,20752.4
1576,16150.89
1577,15814.986
1578,11419.702
1579,7286.798
1580,32654.775
1581,5455.494
1582,12174.622
1583,3528.2566
1584,2351.0728
1585,11936.449
1586,10650.684
1587,47708.5
1588,22822.729
1589,7061.4736
1590,8659.346
1591,15731.426
1592,73847.91
1593,21366.514
1594,7105.5625
1595,8818.332
1596,83111.88
1597,12019.723
1598,4761.3174
1599,3161.683
1600,3521.1807
1601,1210.5245
1602,83780.05
1603,4707.8096
1604,13861.279
1605,57386.74
1606,11441.146
1607,19531.963
1608,347.2334
1609,3319.598
1610,11576.648
1611,22478.322
1612,4534.3545
1613,1408.3683
1614,5381.3076
1615,3057.2307
1616,77501.11
1617,31508.814
1618,4025.2454
1619,4182.7817
1620,2853.529
1621,10730.552
1622,68687.695
1623,115883.4
1624,24771.541
1625,4696.609
1626,7587.369
1627,61286.176
1628,5708.712
1629,64230.324
1630,30328.799
1631,17306.496
1632,8709.326
1633,21263.037
1634,28116.596
1635,8975.344
1636,21478.791
1637,41447.562
1638,6893.54
1639,1664.5435
1640,9753.633
1641,17040.992
1642,94413.125
1643,35200.96
1644,21168.81
1645,12855.7705
1646,63170.695
1647,127739.055
1648,11721.09
1649,7584.0547
1650,2799.9116
1651,4392.3105
1652,2816.508
1653,3279.3926
1654,20779.33
1655,2995.9426
1656,14117.154
1657,947.71594
1658,104705.85
1659,17649.584
1660,3291.195
1661,10656.174
1662,22017.574
1663,10855.15
1664,2521.1494
1665,6195.213
1666,8187.7227
1667,1938.6388
1668,94317.8
1669,5323.495
1670,76368.67
1671,19485.896
1672,19787.06
1673,13200.594
1674,4618.964
1675,1874.3143
1676,13971.049
1677,2756.1963
1678,15810.941
1679,24938.162
1680,7127.1694
1681,6025.6064
1682,11110.844
1683,172102.1
1684,76266.58
1685,1787.5881
1686,28809.195
1687,4128.369
1688,3823.6174
1689,22806.158
1690,2099.989
1691,95837.68
1692,77970.55
1693,17393.611
1694,4081.5806
1695,400.08026
1696,5086.335
1697,28860.102
1698,81554.73
1699,46126.785
1700,64367.383
1701,14790.102
1702,3193.3938
1703,11704.67
1704,11579.981
1705,14632.223
1706,3444.1958
1707,6811.9326
1708,3640.9102
1709,16188.031
1710,128309.24
1711,3681.8252
1712,5309.2896
1713,4267.3994
1714,3916.419
1715,20159.826
1716,13429.041
1717,8582.738
1718,14820.396
1719,3643.4238
1720,26268.463
1721,73087.88
1722,6119.1875
1723,128932.53
1724,12828.874
1725,198274.39
1726,45381.938
1727,256.89447
1728,15485.579
1729,32237.002
1730,14646.99
1731,12896.307
1732,162144.27
1733,2273.9521
1734,9044.583
1735,705.8154
1736,2444.1685
1737,8325.501
1738,72179.42
1739,72209.484
1740,63178.062
1741,123226.82
1742,12312.34
1743,11099.3955
1744,2328.5022
1745,97576.586
1746,5884.3066
1747,10122.285
1748,11425.408
1749,26527.111
1750,58471.883
1751,4488.6035
1752,17567.758
1753,69932.67
1754,3556.0928
1755,4891.1157
1756,7811.372
1757,3193.3179
1758,3118.7522
1759,4612.9443
1760,4133.623
1761,375.35516
1762,2430.1292
1763,85956.54
1764,21836.262
1765,90244.234
1766,1768.715
1767,70358.7
1768,2150.5896
1769,3659.7495
1770,8333.435
1771,4898.569
1772,71611.27
1773,73063.34
1774,1513.7745
1775,31812.385
1776,3709.44
1777,4638.052
1778,4876.911
1779,36220.76
1780,22773.98
1781,10149.903
1782,23480.744
1783,70602.11
1784,6061.8237
1785,23093.28
1786,40671.984
1787,12322.634
1788,69509.766
1789,5201.0293
1790,47928.99
1791,13634.313
1792,72991.516
1793,37691.805
1794,10108.993
1795,10538.483
1796,82855.984
1797,15176.501
1798,16919.932
1799,14625.996
1800,16809.736
1801,31712.928
1802,3262.3848
1803,11723.582
1804,3717.7834
1805,43343.67
1806,16596.268
1807,473.71182
1808,1896.017
1809,10708.0
1810,4445.4526
1811,12582.724
1812,753.2915
1813,29219.684
1814,11250.809
1815,26338.654
1816,13125.079
1817,25839.87
1818,4488.8037
1819,111076.29
1820,2944.7761
1821,46216.977
1822,14665.992
1823,6356.4126
1824,26942.72
1825,160630.98
1826,55874.203
1827,9801.471
1828,19812.39
1829,147483.98
1830,15974.062
1831,11520.176
1832,5555.0645
1833,2463.011
1834,15068.954
1835,33323.03
1836,4060.7468
1837,2218.964
1838,66043.5
1839,153432.23
1840,47660.69
1841,24912.975
1842,28405.096
1843,246.19495
1844,39147.04
1845,2604.3816
1846,31084.854
1847,2292.9968
1848,61646.39
1849,167235.95
1850,85882.1
1851,22017.635
1852,6676.704
1853,21734.482
1854,132174.3
1855,366.9753
1856,31795.32
1857,6037.5645
1858,1573.1827
1859,3142.8767
1860,12639.094
1861,310.07892
1862,85040.39
1863,12104.132
1864,8997.385
1865,98151.02
1866,11412.998
1867,2812.1316
1868,1750.8083
1869,5262.1763
1870,6517.5137
1871,3315.7463
1872,14772.303
1873,8615.257
1874,20449.703
1875,2451.3235
1876,28439.639
1877,3296.1492
1878,7610.3047
1879,126061.63
1880,12621.663
1881,24783.916
1882,42238.91
1883,12837.091
1884,10958.271
1885,7054.9365
1886,5764.874
1887,4972.0625
1888,3088.072
1889,5274.035
1890,10280.805
1891,12578.716
1892,6556.9766
1893,6146.164
1894,52812.83
1895,2939.215
1896,1389.6086
1897,7231.103
1898,16409.139
1899,11957.882
1900,4095.0955
1901,23828.623
1902,178558.95
1903,4524.0947
1904,166865.2
1905,7647.415
1906,362.7969
1907,20334.05
1908,45812.83
1909,31131.174
1910,2400.074
1911,29930.943
1912,16924.895
1913,12799.418
1914,8675.815
1915,9018.542
1916,16093.807
1917,6926.0986
1918,7284.188
1919,25023.486
1920,46775.184
1921,74109.23
1922,6624.9688
1923,370.17236
1924,39929.4
1925,48836.85
1926,4382.5713
1927,538.301
1928,16929.33
1929,25153.361
1930,2401.3389
1931,1420.7316
1932,2302.3416
1933,100733.25
1934,61739.11
1935,19267.264
1936,156407.36
1937,8069.6304
1938,5425.5713
1939,21882.87
1940,2478.863
1941,2860.2412
1942,8663.046
1943,89954.14
1944,8898.699
1945,10239.604
1946,309.92706
1947,88690.67
1948,3056.2886
1949,4454.1655
1950,17241.168
1951,14242.91
1952,10547.106
1953,3533.3796
1954,13181.342
1955,9642.154
1956,2373.9067
1957,9824.783
1958,12331.082
1959,26523.502
1960,43972.004
1961,8833.791
1962,19779.715
1963,4213.71
1964,7776.6826
1965,5470.632
1966,11475.898
1967,2798.9058
1968,2292.9739
1969,28642.24
1970,13959.893
1971,8470.89
1972,9070.523
1973,4211.771
1974,4743.9053
1975,2214.7979
1976,87230.69
1977,2214.9043
1978,2304.1648
1979,62944.727
1980,12985.563
1981,10554.087
1982,3578.7776
1983,63721.086
1984,31953.34
1985,15921.247
1986,3530.648
1987,14719.836
1988,93445.2
1989,5674.6006
1990,10088.281
1991,10891.363
1992,105817.375
1993,67517.266
1994,6312.0386
1995,56523.65
1996,831.7306
1997,4171.512
1998,71535.97
1999,25622.33
2000,22524.475
2001,80318.266
2002,5814.013
2003,75669.86
2004,16924.555
2005,4856.1973
2006,53017.195
2007,148089.89
2008,13567.77
2009,75413.34
2010,51526.53
2011,4293.753
2012,82535.0
2013,48761.37
2014,8456.307
2015,4060.4922
2016,3292.5767
2017,18314.5
2018,42745.094
2019,4808.366
2020,20873.193
2021,19829.38
2022,9225.762
2023,188255.52
2024,93351.71
2025,13633.456
2026,14609.895
2027,102448.94
2028,68318.8
2029,2749.6555
2030,2506.5066
2031,23728.908
2032,13148.447
2033,8707.092
2034,21700.223
2035,27201.322
2036,5793.6616
2037,72688.54
2038,2557.9285
2039,40151.383
2040,14393.713
2041,2806.7542
2042,39934.85
2043,19088.117
2044,8146.581
2045,21390.326
2046,7712.26
2047,10653.068
2048,1910.3356
2049,7561.9575
2050,95844.22
2051,3515.5144
2052,85592.61
2053,4649.0767
2054,63725.566
2055,10576.898
2056,25431.055
2057,2293.9954
2058,14969.39
2059,7306.141
2060,13863.964
2061,24057.01
2062,25353.395
2063,91.387634
2064,7910.8555
2065,13750.674
2066,39698.97
2067,69620.81
2068,21583.1
2069,87702.25
2070,4073.0674
2071,14128.51
2072,1749.7799
2073,9785.029
2074,13767.594
2075,26724.889
2076,20077.492
2077,10370.865
2078,53453.15
2079,23798.447
2080,16799.771
2081,24507.99
2082,20417.707
2083,2923.4082
2084,120799.086
2085,4527.721
2086,140202.23
2087,87801.28
2088,9272.672
2089,71945.89
2090,3778.157
2091,16174.759
2092,2279.9033
2093,2954.2795
2094,13944.445
2095,6582.9976
2096,13766.41
2097,42207.547
2098,13338.348
2099,12544.914
2100,86332.48
2101,17133.963
2102,2429.7375
2103,6551.882
2104,42726.215
2105,3285.8557
2106,161483.77
2107,18841.729
2108,71886.27
2109,2431.2197
2110,64938.574
2111,11208.182
2112,2355.0588
2113,3215.0742
2114,29067.748
2115,32321.783
2116,24302.33
2117,2520.1028
2118,18550.432
2119,3987.8616
2120,4137.95
2121,65148.516
2122,49830.527
2123,46436.094
2124,6582.087
2125,68018.86
2126,108985.92
2127,85662.72
2128,24505.576
2129,6905.7744
2130,185951.83
2131,4725.162
2132,6516.4614
2133,9162.659
2134,3410.8772
2135,81830.375
2136,1854.3779
2137,22232.002
2138,8003.8994
2139,1774.2737
2140,3695.932
2141,6528.215
2142,6672.657
2143,32672.537
2144,6152.911
2145,4485.8984
2146,98794.09
2147,18989.666
2148,3237.77
2149,8532.498
2150,9882.844
2151,60423.438
2152,26270.709
2153,13144.119
2154,50201.64
2155,13201.511
2156,2509.1628
2157,17028.47
2158,2635.0032
2159,1410.379
2160,7467.4194
2161,81105.42
2162,2968.48
2163,11863.329
2164,20185.873
2165,7874.881
2166,83828.25
2167,3032.891
2168,65912.44
2169,4733.977
2170,71697.42
2171,8145.3867
2172,37427.066
2173,3463.6309
2174,8877.822
2175,1478.7213
2176,4132.534
2177,17733.064
2178,3439.2935
2179,28521.078
2180,82379.61
2181,89069.25
2182,6851.4834
2183,21491.283
2184,32040.98
2185,103031.555
2186,1705.7745
2187,11123.469
2188,71093.664
2189,6796.677
2190,2196.446
2191,4241.2773
2192,90986.69
2193,14483.58
2194,852.28625
2195,4988.9
2196,65448.258
2197,847.9943
2198,4589.5996
2199,5207.6094
2200,4759.4766
2201,14365.734
2202,2450.8523
2203,52532.496
2204,15775.838
2205,1931.4117
2206,14650.15
2207,41677.71
2208,28967.822
2209,182897.58
2210,6479.3833
2211,1077.3724
2212,3507.4287
2213,11273.526
2214,7655.243
2215,11084.236
2216,71154.54
2217,50199.652
2218,6886.4004
2219,12798.637
2220,50473.387
2221,36816.816
2222,3184.5872
2223,26863.256
2224,21827.115
2225,25714.338
2226,99230.39
2227,3482.5461
2228,8010.041
2229,8185.354
2230,2518.7688
2231,8880.313
2232,59632.008
2233,91079.02
2234,108342.414
2235,7690.7383
2236,15179.456
2237,10625.955
2238,63337.703
2239,44409.19
2240,75597.57
2241,27294.807
2242,4548.577
2243,2072.8015
2244,1375.8375
2245,23084.812
2246,12510.128
2247,4375.1123
2248,2315.287
2249,82301.33
2250,11076.637
2251,2265.3796
2252,38951.203
2253,42148.527
2254,19556.326
2255,8174.45
2256,5180.8516
2257,1781.8804
2258,2093.9104
2259,16401.69
2260,17681.613
2261,27804.672
2262,8655.083
2263,90767.87
2264,138850.27
2265,24797.697
2266,10135.951
2267,9160.372
2268,12697.424
2269,2187.0261
2270,127432.31
2271,24906.56
2272,2119.3857
2273,11048.449
2274,4913.975
2275,34595.258
2276,5126.11
2277,28219.13
2278,2568.4636
2279,3996.6667
2280,30196.326
2281,5769.326
2282,37496.863
2283,22438.982
2284,3155.4016
2285,5844.325
2286,286.55692
2287,4501.8228
2288,18188.91
2289,1990.5405
2290,83790.35
2291,3682.4988
2292,12753.037
2293,33711.098
2294,3151.9526
2295,60552.945
2296,5918.769
2297,13637.637
2298,6834.092
2299,136173.7
2300,76235.02
2301,111308.055
2302,9898.354
2303,3377.9163
2304,2315.8508
2305,42787.938
2306,3750.2363
2307,25686.53
2308,2962.8542
2309,69773.23
2310,23753.443
2311,14283.629
2312,19141.654
2313,28830.408
2314,6477.409
2315,29425.078
2316,61751.203
2317,6870.203
2318,17908.215
2319,21763.572
2320,271.38715
2321,154821.2
2322,4524.717
2323,1408.361
2324,13942.277
2325,6144.115
2326,12802.658
2327,20062.484
2328,8919.034
2329,16130.491
2330,8699.558
2331,86925.625
2332,22940.375
2333,6041.54
2334,6859.9575
2335,13076.689
2336,5544.732
2337,12110.512
2338,6818.4834
2339,8464.566
2340,134876.42
2341,102998.53
2342,2258.9675
2343,2613.0261
2344,39214.53
2345,27122.264
2346,15370.401
2347,28552.246
2348,2044.1088
2349,2760.0842
2350,7893.801
2351,92824.09
2352,4108.9346
2353,2258.027
2354,39433.117
2355,43406.35
2356,1606.2875
2357,84226.95
2358,3589.0322
2359,2429.5
2360,28210.732
2361,16061.918
2362,167938.36
2363,4212.2437
2364,3067.325
2365,2654.5657
2366,9583.49
2367,177875.31
2368,16140.419
2369,89583.695
2370,115355.36
2371,3113.4128
2372,86670.03
2373,3559.238
2374,4388.791
2375,28618.086
2376,8728.474
2377,9876.725
2378,12524.604
2379,49133.812
2380,7356.1777
2381,12488.709
2382,5089.6924
2383,4744.672
2384,10154.975
2385,13207.201
2386,15660.829
2387,22444.334
2388,7953.0625
2389,3524.4358
2390,7762.7607
2391,11294.529
2392,3200.466
2393,4739.5596
2394,2190.5642
2395,8057.866
2396,3001.3933
2397,90699.125
2398,16914.967
2399,6294.8125
2400,2848.0432
2401,70410.55
2402,260.26608
2403,13161.934
2404,66653.91
2405,15263.303
2406,438.41763
2407,68159.945
2408,5398.7812
2409,4363.2876
2410,5425.652
2411,2408.2742
2412,1249.964
2413,32787.04
2414,4939.6475
2415,1169.8276
2416,39404.67
2417,83258.38
2418,17613.822
2419,92018.16
2420,52535.0
2421,82715.85
2422,8830.181
2423,24122.846
2424,72096.12
2425,5900.496
2426,11420.092
2427,2239.0247
2428,7924.9697
2429,24650.127
2430,2353.9602
2431,4582.399
2432,24979.275
2433,12101.497
2434,3447.0562
2435,517.3146
2436,6190.662
2437,13348.049
2438,6568.1387
2439,53463.914
2440,33565.906
2441,7157.924
2442,4838.0957
2443,23272.81
2444,5777.3174
2445,2593.9946
2446,2448.7834
2447,41675.508
2448,15415.641
2449,23288.574
2450,1423.7571
2451,16541.877
2452,23210.438
2453,87962.69
2454,19363.295
2455,4415.903
2456,5791.449
2457,57460.973
2458,2841.9036
2459,5309.9624
2460,488.7411
2461,10261.852
2462,27688.4
2463,3405.4148
2464,53298.383
2465,68033.19
2466,28413.812
2467,23913.52
2468,34695.812
2469,22168.443
2470,27251.389
2471,172191.52
2472,439.8227
2473,94527.96
2474,4783.5913
2475,29086.09
2476,8090.0693
2477,93549.336
2478,3353.8484
2479,3278.0747
2480,167948.5
2481,5252.788
2482,17892.389
2483,5580.9785
2484,74987.016
2485,10034.878
2486,28314.416
2487,37109.465
2488,4845.2295
2489,29240.783
2490,8809.096
2491,12942.375
2492,43159.043
2493,3517.3108
2494,107971.42
2495,10576.067
2496,15722.902
2497,28511.564
2498,10746.3545
2499,103848.445
2500,58623.23
2501,3534.6687
2502,44391.098
2503,18820.549
2504,23828.217
2505,37356.22
2506,3248.2815
2507,26808.031
2508,1935.4274
2509,8172.7256
2510,7498.576
2511,14586.93
2512,13499.154
2513,12244.045
2514,2555.6523
2515,18152.092
2516,7067.245
2517,3007.5146
2518,76700.84
2519,22643.19
2520,21069.48
2521,20699.158
2522,40947.56
2523,44353.785
2524,8590.201
2525,12195.617
2526,138853.64
2527,29518.38
2528,55021.516
2529,30049.98
2530,2175.0542
2531,8467.751
2532,26567.844
2533,4439.3555
2534,18587.38
2535,25516.096
2536,2527.806
2537,81992.76
2538,43781.63
2539,20366.467
2540,3176.0652
2541,2694.738
2542,2431.684
2543,2670.4878
2544,2598.1914
2545,19591.898
2546,19260.53
2547,82202.914
2548,11193.417
2549,5964.8716
2550,308.88885
2551,49036.062
2552,4376.6694
2553,3983.3547
2554,5684.0605
2555,5663.702
2556,6358.681
2557,67373.375
2558,4516.1646
2559,13947.029
2560,17401.28
2561,10937.658
2562,14368.205
2563,39941.945
2564,9206.336
2565,22238.787
2566,329.75443
2567,9063.204
2568,72630.664
2569,3589.1404
2570,12582.808
2571,28988.965
2572,70327.92
2573,35964.47
2574,6639.4604
2575,9709.627
2576,15770.791
2577,7457.39
2578,7909.744
2579,2671.3125
2580,34847.43
2581,7607.8237
2582,10344.56
2583,30528.87
2584,151954.03
2585,3634.9001
2586,4785.992
2587,15079.402
2588,22110.178
2589,17361.32
2590,2868.1326
2591,66253.69
2592,1993.8253
2593,11809.186
2594,79904.91
2595,5414.8623
2596,13734.31
2597,14896.643
2598,86946.45
2599,8105.45
2600,24872.0
2601,3603.2678
2602,4615.6104
2603,116340.61
2604,178084.6
2605,175829.3
2606,3140.1829
2607,9104.0
2608,1599.61
2609,4927.9204
2610,5470.8857
2611,68558.266
2612,85810.51
2613,39656.07
2614,5249.7485
2615,5321.3135
2616,19806.303
2617,84149.16
2618,16457.88
2619,3026.0803
2620,151648.62
2621,12229.271
2622,219.42592
2623,1113.0386
2624,46850.555
2625,35394.727
2626,2322.6838
2627,178836.89
2628,16946.42
2629,7815.799
2630,166730.98
2631,4383.4824
2632,5923.5537
2633,32244.88
2634,2009.246
2635,78680.95
2636,66.06689
2637,78573.945
2638,4281.06
2639,67797.1
2640,21528.127
2641,159671.83
2642,729.84875
2643,6853.2305
2644,14371.18
2645,2261.7004
2646,6357.61
2647,5026.261
2648,2553.252
2649,45185.844
2650,2771.7795
2651,161870.64
2652,4733.3677
2653,887.18585
2654,3123.6355
2655,4494.249
2656,7545.9976
2657,9219.479
2658,31483.309
2659,54517.555
2660,6015.66
2661,3038.2258
2662,18824.42
2663,1893.4677
2664,41450.47
2665,13034.928
2666,125390.87
2667,55293.16
2668,4568.9688
2669,2208.949
2670,3957.6047
2671,66244.625
2672,2552.5605
2673,17585.18
2674,21811.965
2675,124748.055
2676,24503.701
2677,9118.923
2678,20399.559
2679,5210.04
2680,6548.4673
2681,32657.854
2682,2703.9795
2683,12103.953
2684,6054.4453
2685,36447.66
2686,5941.3037
2687,2719.7256
2688,5704.717
2689,203.44463
2690,8100.4883
2691,5354.1626
2692,1165.9259
2693,22086.33
2694,32551.932
2695,4127.6143
2696,2424.4102
2697,15216.958
2698,2494.5686
2699,108357.44
2700,2263.3792
2701,629.4082
2702,22377.893
2703,18540.064
2704,64830.703
2705,54305.03
2706,1814.8043
2707,1747.5356
2708,2065.6848
2709,7033.653
2710,44236.02
2711,8475.613
2712,93892.22
2713,13056.145
2714,3779.4763
2715,25944.543
2716,5950.219
2717,3630.5522
2718,44892.273
2719,5655.2964
2720,10184.241
2721,5398.8535
2722,1773.8387
2723,8119.449
2724,21157.307
2725,34720.734
2726,2853.1296
2727,806.0436
2728,29254.436
2729,16627.979
2730,17186.482
2731,77575.2
2732,5853.9805
2733,18470.393
2734,19498.654
2735,33668.375
2736,19420.615
2737,12461.296
2738,2117.0657
2739,15826.158
2740,2967.9724
2741,73183.016
2742,28569.33
2743,4273.61
2744,4353.9185
2745,23484.467
2746,19934.945
2747,5109.15
2748,8803.771
2749,81470.445
2750,7845.402
2751,12141.575
2752,17591.756
2753,8411.242
2754,180860.42
2755,13284.007
2756,1629.287
2757,7526.681
2758,53617.797
2759,2246.6619
2760,86794.234
2761,8045.004
2762,20895.69
2763,102329.33
2764,8119.919
2765,9262.06
2766,5578.582
2767,67817.03
2768,25333.447
2769,4894.2925
2770,9101.295
2771,9541.023
2772,2378.219
2773,34355.547
2774,80058.64
2775,156977.9
2776,10032.319
2777,36146.203
2778,5547.3867
2779,6022.693
2780,210.74324
2781,29184.904
2782,26975.893
2783,19167.521
2784,62534.645
2785,106608.08
2786,20825.342
2787,2855.2153
2788,48357.277
2789,48255.305
2790,10052.806
2791,11665.627
2792,2803.3591
2793,4026.5042
2794,5946.037
2795,20033.143
2796,7063.634
2797,2084.0293
2798,22261.01
2799,23184.717
2800,23159.62
2801,4347.821
2802,28462.63
2803,18116.12
2804,28796.107
2805,3780.8955
2806,65790.766
2807,11571.374
2808,91148.766
2809,2402.302
2810,2369.0823
2811,23206.627
2812,9144.428
2813,60227.4
2814,7008.965
2815,130166.91
2816,66164.61
2817,22164.646
2818,18502.611
2819,385.03995
2820,2355.7761
2821,9184.73
2822,9041.102
2823,50419.04
2824,1713.8286
2825,3096.948
2826,5650.634
2827,38283.805
2828,3834.1714
2829,72998.85
2830,11044.082
2831,2587.049
2832,494.2309
2833,22131.336
2834,64521.023
2835,34189.06
2836,87524.7
2837,93006.43
2838,1274.4957
2839,887.08264
2840,4725.749
2841,30817.678
2842,5424.4854
2843,10460.274
2844,18526.791
2845,7371.961
2846,5019.3135
2847,7994.6436
2848,4569.4795
2849,27590.713
2850,6195.273
2851,4476.2793
2852,53.901722
2853,68437.5
2854,11301.965
2855,3528.0002
2856,3086.5806
2857,31279.049
2858,15995.734
2859,5772.134
2860,1989.4034
2861,6576.49
2862,37360.086
2863,32234.475
2864,3886.164
2865,16563.018
2866,1197.7567
2867,2643.3643
2868,13172.994
2869,2855.9446
2870,1470.8783
2871,86446.85
2872,41272.484
2873,3736.8416
2874,20578.148
2875,16524.047
2876,3842.0076
2877,13722.104
2878,101693.14
2879,108698.984
2880,8958.95
2881,7051.2695
2882,6843.4263
2883,4887.4517
2884,11021.12
2885,2258.4268
2886,7092.5117
2887,79218.7
2888,33245.766
2889,28294.072
2890,11660.287
2891,16452.475
2892,11205.102
2893,12695.268
2894,77943.03
2895,32745.748
2896,15295.895
2897,35423.984
2898,91208.5
2899,6878.466
2900,98158.875
2901,80813.28
2902,10471.2295
2903,6912.1133
2904,26914.182
2905,4043.8245
2906,12860.8955
2907,4550.1816
2908,18492.209
2909,20472.182
2910,5047.2954
2911,10381.572
2912,56150.617
2913,7442.3774
2914,39091.906
2915,16638.37
2916,6771.7715
2917,26240.34
2918,60690.086
2919,7194.011
2920,9793.094
2921,1698.516
2922,5305.033
2923,2347.5454
2924,12128.484
2925,20457.404
2926,18265.188
2927,11303.369
2928,60894.51
2929,2538.2798
2930,2929.3865
2931,48757.23
2932,27474.3
2933,5843.7446
2934,7394.7705
2935,6008.436
2936,2576.1877
2937,2096.7888
2938,102740.234
2939,5784.0693
2940,12335.289
2941,23082.035
2942,11770.133
2943,7018.401
2944,126424.95
2945,27301.938
2946,8046.3364
2947,18641.967
2948,19654.37
2949,14782.482
2950,3209.7751
2951,2200.3608
2952,7102.4067
2953,22738.018
2954,137450.42
2955,24791.195
2956,3778.7214
2957,16554.955
2958,2084.0835
2959,1867.3827
2960,17132.287
2961,7531.8887
2962,32798.125
2963,5274.229
2964,40481.023
2965,41336.15
2966,3055.804
2967,166558.64
2968,10340.703
2969,25247.775
2970,36767.05
2971,15161.331
2972,7946.506
2973,14762.305
2974,11505.885
2975,20480.734
2976,16805.3
2977,7285.996
2978,3794.6636
2979,20040.625
2980,19011.809
2981,7683.574
2982,11183.268
2983,3902.6555
2984,25545.96
2985,5433.2876
2986,15496.106
2987,81583.98
2988,50742.08
2989,34364.676
2990,19291.277
2991,18825.123
2992,92183.22
2993,89106.22
2994,110061.234
2995,30122.611
2996,2928.7092
2997,595.5002
2998,2334.37
2999,16661.643
3000,107776.84
3001,28210.24
3002,2805.3044
3003,17918.826
3004,14354.546
3005,2697.862
3006,20149.273
3007,5690.0396
3008,3053.9036
3009,6018.584
3010,3371.1233
3011,77085.96
3012,11008.367
3013,21912.502
3014,3207.0056
3015,9698.201
3016,23692.375
3017,6808.393
3018,3300.9749
3019,14142.443
3020,156.17786
3021,28510.207
3022,2176.0806
3023,91768.94
3024,3935.4492
3025,12147.911
3026,103356.03
3027,2752.6223
3028,1869.819
3029,2839.5452
3030,19856.945
3031,16054.161
3032,75482.86
3033,5354.212
3034,5464.2764
3035,28857.178
3036,5832.918
3037,97332.57
3038,12309.41
3039,1861.6058
3040,6431.8213
3041,13955.059
3042,5504.5137
3043,50473.836
3044,5485.288
3045,2239.1536
3046,94398.625
3047,6062.863
3048,74623.19
3049,1011.32825
3050,12203.003
3051,2182.799
3052,25211.176
3053,91983.83
3054,59835.277
3055,38528.53
3056,61591.72
3057,2141.296
3058,12523.288
3059,25305.29
3060,101302.83
3061,42466.13
3062,2794.7542
3063,44201.406
3064,89642.17
3065,862.2355
3066,9289.106
3067,38166.074
3068,29807.047
3069,11456.555
3070,92373.484
3071,9932.992
3072,187.91199
3073,60642.24
3074,4156.634
3075,24660.975
3076,1635.5597
3077,9848.609
3078,14997.686
3079,4087.1145
3080,1398.913
3081,1888.8107
3082,24809.783
3083,75501.39
3084,10724.906
3085,4255.988
3086,4608.9746
3087,11759.949
3088,10428.439
3089,10480.777
3090,2077.8416
3091,2591.074
3092,1609.1459
3093,93084.5
3094,108953.49
3095,5860.0146
3096,17763.764
3097,26175.615
3098,2043.9843
3099,5788.518
3100,2576.9531
3101,7139.1514
3102,20838.697
3103,5071.1133
3104,2348.7512
3105,11335.545
3106,57761.703
3107,23720.334
3108,4747.676
3109,13395.854
3110,71051.625
3111,27792.936
3112,1195.9331
3113,15402.182
3114,13223.323
3115,18067.018
3116,6100.1597
3117,19615.541
3118,25329.68
3119,9976.857
3120,17094.928
3121,11768.41
3122,25108.604
3123,378.71442
3124,15108.365
3125,27871.963
3126,67437.44
3127,5597.32
3128,149456.83
3129,6232.9214
3130,48321.844
3131,58818.547
3132,11131.511
3133,5410.159
3134,17608.35
3135,50118.965
3136,4571.0674
3137,54988.027
3138,14180.244
3139,103547.39
3140,9968.999
3141,107920.45
3142,2566.6506
3143,8667.89
3144,8432.951
3145,12513.186
3146,45428.355
3147,12016.352
3148,406.5307
3149,113242.016
3150,41527.227
3151,104637.195
3152,76551.34
3153,2594.7131
3154,6850.6143
3155,3142.265
3156,83589.414
3157,26587.01
3158,3908.9744
3159,1831.7474
3160,28462.932
3161,3064.434
3162,9690.714
3163,16461.234
3164,93240.51
3165,5889.798
3166,3167.5364
3167,2593.1309
3168,4129.876
3169,25863.783
3170,42413.12
3171,99598.48
3172,17531.084
3173,26021.287
3174,30660.412
3175,8406.789
3176,4913.27
3177,20676.564
3178,41759.656
3179,7150.4565
3180,2641.4856
3181,13721.117
3182,7862.671
3183,169609.25
3184,35979.516
3185,20399.139
3186,10414.199
3187,8997.748
3188,19601.193
3189,6955.3643
3190,1636.1282
3191,7395.962
3192,26217.768
3193,18996.229
3194,3327.303
3195,189762.61
3196,10575.064
3197,16743.668
3198,2810.472
3199,3351.0415
3200,3223.946
3201,66612.51
3202,7559.0327
3203,2886.6716
3204,20186.318
3205,8357.012
3206,4758.6724
3207,2990.8228
3208,2742.9373
3209,753.7477
3210,17950.09
3211,337.9721
3212,4886.371
3213,18900.521
3214,9490.174
3215,9605.451
3216,19453.533
3217,3607.0808
3218,2333.8606
3219,5539.3438
3220,56913.055
3221,16423.123
3222,85584.78
3223,34169.39
3224,8781.107
3225,100295.22
3226,3857.2185
3227,76604.13
3228,43754.098
3229,9716.895
3230,30378.904
3231,2540.5627
3232,64531.844
3233,8140.652
3234,5922.4897
3235,27865.025
3236,18574.12
3237,16168.14
3238,102567.03
3239,18532.627
3240,2976.2615
3241,11869.736
3242,15357.416
3243,9010.131
3244,22187.033
3245,9983.849
3246,5447.4473
3247,7747.5986
3248,13749.756
3249,4603.3945
3250,30033.531
3251,1079.9756
3252,19758.682
3253,26033.824
3254,7678.563
3255,775.9076
3256,181625.33
3257,10470.4
3258,103926.91
3259,609.7865
3260,1453.1859
3261,85524.125
3262,6794.208
3263,66189.875
3264,25534.906
3265,24198.002
3266,27025.463
3267,4071.5308
3268,2947.7195
3269,5786.4443
3270,9882.559
3271,3647.2537
3272,7165.5044
3273,100300.5
3274,2676.506
3275,2444.2947
3276,14634.307
3277,2602.0786
3278,1823.0164
3279,26139.406
3280,12427.646
3281,2650.4731
3282,10209.371
3283,11514.015
3284,32374.654
3285,3397.7146
3286,81850.28
3287,3927.3462
3288,853.86615
3289,30585.975
3290,2156.6382
3291,103094.66
3292,8482.048
3293,5340.1035
3294,4385.425
3295,53373.3
3296,24851.926
3297,6625.1416
3298,237.77489
3299,22822.355
3300,31861.002
3301,723.89624
3302,3341.8667
3303,13936.053
3304,175440.88
3305,55018.977
3306,3410.8142
3307,34695.7
3308,29016.578
3309,6586.2197
3310,8730.165
3311,16446.03
3312,13627.826
3313,21977.635
3314,24521.592
3315,31415.295
3316,2499.2703
3317,5470.279
3318,20376.91
3319,4012.2117
3320,3280.817
3321,17157.2
3322,3858.3171
3323,24366.186
3324,4101.6514
3325,118735.45
3326,115033.84
3327,66977.34
3328,102483.63
3329,104934.234
3330,52866.605
3331,89784.055
3332,83321.6
3333,63054.6
3334,80481.93
3335,66202.04
3336,76536.32
3337,107336.09
3338,86392.83
3339,58793.125
3340,118996.97
3341,77300.26
3342,92336.08
3343,81754.3
3344,72491.56
3345,99831.484
3346,100468.59
3347,104006.72
3348,66721.336
3349,110768.375
3350,92966.46
3351,64414.31
3352,176607.97
3353,78525.03
3354,115573.59
3355,59984.633
3356,103871.516
3357,87376.39
3358,111679.46
3359,95022.52
3360,8846.48
3361,26286.295
3362,9378.367
3363,65166.0
3364,18904.48
3365,225519.34
3366,186858.11
3367,333083.12
3368,10023.199
3369,1618.9
3370,379761.25
3371,25011.236
3372,38148.418
3373,71858.86
3374,2604.595
3375,338164.94
3376,3716.7012
3377,47137.434
3378,4565.4033
3379,72217.38
3380,76039.38
3381,4757.421
3382,28815.496
3383,2493.484
3384,5413.628
3385,2976.8943
3386,137194.45
3387,15756.771
3388,4018.84
3389,134992.08
3390,6969.9834
3391,8058.083
3392,2614.1885
3393,1899.9696
3394,6479.6084
3395,15985.949
3396,3343.2952
3397,16685.986
3398,4069.0354
3399,5282.4688
3400,171913.3
3401,3125.8728
